area_sqft,bedrooms,price
1360,2,8222000
1794,1,9116000
1630,5,11122000
1595,3,9850000
2138,4,12096000
2669,3,13971000
966,3,7368000
1738,1,9512000
830,3,6234000
1982,5,12230000
2635,3,14017000
630,1,4862000
2185,5,13614000
1269,2,7853000
2891,3,15551000
2015,1,10769000
2933,2,14891000
1715,2,9198000
1455,4,9251000
2824,5,16120000
1684,3,9474000
959,1,6069000
521,4,6038000
2800,5,15813000
1247,4,8527000
974,5,7794000
1582,5,10930000
2547,3,13862000
1475,5,10095000
2306,4,13558000
689,5,7193000
1062,3,8086000
2399,3,13274000
1767,4,10864000
2028,2,10968000
1146,2,6636000
2568,5,14838000
2714,1,13393000
1797,5,11082000
2935,4,15818000
1100,4,8590000
2863,4,15268000
2561,4,13920000
741,4,6999000
2541,3,13894000
1863,2,11396000
2639,4,14122000
1890,1,10190000
1978,1,10418000
1275,1,7376000
534,1,4561000
2753,3,14552000
2455,1,11633000
2085,4,11960000
1521,5,10866000
1629,1,9252000
2000,3,11269000
1202,3,8225000
2949,1,15360000
2079,5,12721000
661,1,4772000
701,3,6011000
2481,2,13133000
1495,4,9657000
2817,3,15044000
1315,1,6843000
955,4,7629000
1775,1,9473000
1516,1,8291000
2843,2,14274000
837,4,6802000
1378,4,9003000
1576,2,8308000
1291,3,8328000
2764,1,13993000
1263,5,9187000
2735,1,13709000
879,1,5314000
992,3,6709000
1680,1,8793000
2562,2,12901000
564,2,4455000
1867,4,11499000
1652,5,11561000
2527,1,12380000
1995,1,9787000
1662,3,10210000
2022,2,10490000
891,5,7328000
2198,4,12905000
918,2,6298000
2836,4,15171000
878,3,6712000
2296,3,12500000
2778,1,14329000
2588,5,14633000
2682,4,14445000
700,2,5281000
2363,3,12780000
1279,1,7580000
