area_sqft,price
1360,7044000
1794,8970000
1630,7959000
1595,7780000
2138,10764000
2669,13184000
966,5532000
1738,9151000
830,5113000
1982,9599000
2635,12693000
630,4684000
2185,10664000
1269,7377000
2891,12725000
2015,10251000
2933,13849000
1715,8598000
1455,7643000
2824,12665000
1684,8496000
959,5653000
521,4205000
2800,13079000
1247,6454000
974,5415000
1582,8465000
2547,12312000
1475,7510000
2306,11365000
689,4428000
1062,6299000
2399,11330000
1767,8807000
2028,9880000
1146,5801000
2568,12389000
2714,12990000
1797,9049000
2935,13745000
1100,5625000
2863,13377000
2561,12136000
741,4331000
2541,12116000
1863,9466000
2639,13244000
1890,9499000
1978,9898000
1275,6829000
534,3071000
2753,13053000
2455,11832000
2085,11119000
1521,7821000
1629,8447000
2000,9888000
1202,6139000
2949,14286000
2079,10495000
661,4553000
701,4126000
2481,12411000
1495,7288000
2817,13537000
1315,7790000
955,5164000
1775,8757000
1516,7902000
2843,13264000
837,4473000
1378,7312000
1576,7747000
1291,7088000
2764,12787000
1263,7347000
2735,12713000
879,5079000
992,5951000
1680,8125000
2562,12340000
564,4326000
1867,8779000
1652,8503000
2527,12204000
1995,10153000
1662,8047000
2022,9530000
891,5425000
2198,10836000
918,5443000
2836,13532000
878,4950000
2296,11224000
2778,13270000
2588,12120000
2682,13417000
700,4606000
2363,11008000
1279,7102000
